{
  "metadata": [
    {
      "src": [
        {
          "files": [ "**/*.csproj" ],
          "exclude": [ "**/bin/**", "**/obj/**", "_site", ".github", ".config", "**/*Test", "**/*Examples*" ],
		  "src":"../src"
        }
      ],
      "dest": "api"
    }
  ],
  "build": {
    "content": [
      {
        "files": [
          "articles/**.md",
          "articles/**/toc.yml",
          "toc.yml",
          "*.md",
		      "api/*.yml"
        ]
      }
    ],
    "resource": [
      {
        "files": [
          "articles/imgs/**"
        ]
      }
    ],
    "dest": "_site",
    "globalMetadataFiles": [],
    "fileMetadataFiles": [],
    "template": [
      "default","templates/discordfx"
    ],
    "postProcessors": [],
    "markdownEngineName": "markdig",
    "noLangKeyword": false,
    "keepFileLink": false,
    "cleanupCacheHistory": false,
    "disableGitFeatures": false
  }
}