{
  "version": "0.0.0",
  "name": "swap",
  "instructions": [
    {
      "name": "swap",
      "accounts": [
        {
          "name": "market",
          "accounts": [
            {
              "name": "market",
              "isMut": true,
              "isSigner": false
            },
            {
              "name": "openOrders",
              "isMut": true,
              "isSigner": false
            },
            {
              "name": "requestQueue",
              "isMut": true,
              "isSigner": false
            },
            {
              "name": "eventQueue",
              "isMut": true,
              "isSigner": false
            },
            {
              "name": "bids",
              "isMut": true,
              "isSigner": false
            },
            {
              "name": "asks",
              "isMut": true,
              "isSigner": false
            },
            {
              "name": "orderPayerTokenAccount",
              "isMut": true,
              "isSigner": false
            },
            {
              "name": "coinVault",
              "isMut": true,
              "isSigner": false
            },
            {
              "name": "pcVault",
              "isMut": true,
              "isSigner": false
            },
            {
              "name": "vaultSigner",
              "isMut": false,
              "isSigner": false
            },
            {
              "name": "coinWallet",
              "isMut": true,
              "isSigner": false
            }
          ]
        },
        {
          "name": "authority",
          "isMut": false,
          "isSigner": true
        },
        {
          "name": "pcWallet",
          "isMut": true,
          "isSigner": false
        },
        {
          "name": "dexProgram",
          "isMut": false,
          "isSigner": false
        },
        {
          "name": "tokenProgram",
          "isMut": false,
          "isSigner": false
        },
        {
          "name": "rent",
          "isMut": false,
          "isSigner": false
        }
      ],
      "args": [
        {
          "name": "side",
          "type": {
            "defined": "Side"
          }
        },
        {
          "name": "amount",
          "type": "u64"
        },
        {
          "name": "minExpectedSwapAmount",
          "type": "u64"
        }
      ]
    },
    {
      "name": "swapTransitive",
      "accounts": [
        {
          "name": "from",
          "accounts": [
            {
              "name": "market",
              "isMut": true,
              "isSigner": false
            },
            {
              "name": "openOrders",
              "isMut": true,
              "isSigner": false
            },
            {
              "name": "requestQueue",
              "isMut": true,
              "isSigner": false
            },
            {
              "name": "eventQueue",
              "isMut": true,
              "isSigner": false
            },
            {
              "name": "bids",
              "isMut": true,
              "isSigner": false
            },
            {
              "name": "asks",
              "isMut": true,
              "isSigner": false
            },
            {
              "name": "orderPayerTokenAccount",
              "isMut": true,
              "isSigner": false
            },
            {
              "name": "coinVault",
              "isMut": true,
              "isSigner": false
            },
            {
              "name": "pcVault",
              "isMut": true,
              "isSigner": false
            },
            {
              "name": "vaultSigner",
              "isMut": false,
              "isSigner": false
            },
            {
              "name": "coinWallet",
              "isMut": true,
              "isSigner": false
            }
          ]
        },
        {
          "name": "to",
          "accounts": [
            {
              "name": "market",
              "isMut": true,
              "isSigner": false
            },
            {
              "name": "openOrders",
              "isMut": true,
              "isSigner": false
            },
            {
              "name": "requestQueue",
              "isMut": true,
              "isSigner": false
            },
            {
              "name": "eventQueue",
              "isMut": true,
              "isSigner": false
            },
            {
              "name": "bids",
              "isMut": true,
              "isSigner": false
            },
            {
              "name": "asks",
              "isMut": true,
              "isSigner": false
            },
            {
              "name": "orderPayerTokenAccount",
              "isMut": true,
              "isSigner": false
            },
            {
              "name": "coinVault",
              "isMut": true,
              "isSigner": false
            },
            {
              "name": "pcVault",
              "isMut": true,
              "isSigner": false
            },
            {
              "name": "vaultSigner",
              "isMut": false,
              "isSigner": false
            },
            {
              "name": "coinWallet",
              "isMut": true,
              "isSigner": false
            }
          ]
        },
        {
          "name": "authority",
          "isMut": false,
          "isSigner": true
        },
        {
          "name": "pcWallet",
          "isMut": true,
          "isSigner": false
        },
        {
          "name": "dexProgram",
          "isMut": false,
          "isSigner": false
        },
        {
          "name": "tokenProgram",
          "isMut": false,
          "isSigner": false
        },
        {
          "name": "rent",
          "isMut": false,
          "isSigner": false
        }
      ],
      "args": [
        {
          "name": "amount",
          "type": "u64"
        },
        {
          "name": "minExpectedSwapAmount",
          "type": "u64"
        }
      ]
    }
  ],
  "types": [
    {
      "name": "Side",
      "type": {
        "kind": "enum",
        "variants": [
          {
            "name": "Bid"
          },
          {
            "name": "Ask"
          }
        ]
      }
    }
  ],
  "events": [
    {
      "name": "DidSwap",
      "fields": [
        {
          "name": "givenAmount",
          "type": "u64",
          "index": false
        },
        {
          "name": "minExpectedSwapAmount",
          "type": "u64",
          "index": false
        },
        {
          "name": "fromAmount",
          "type": "u64",
          "index": false
        },
        {
          "name": "toAmount",
          "type": "u64",
          "index": false
        },
        {
          "name": "spillAmount",
          "type": "u64",
          "index": false
        },
        {
          "name": "fromMint",
          "type": "publicKey",
          "index": false
        },
        {
          "name": "toMint",
          "type": "publicKey",
          "index": false
        },
        {
          "name": "quoteMint",
          "type": "publicKey",
          "index": false
        },
        {
          "name": "authority",
          "type": "publicKey",
          "index": false
        }
      ]
    }
  ],
  "errors": [
    {
      "code": 300,
      "name": "SwapTokensCannotMatch",
      "msg": "The tokens being swapped must have different mints"
    },
    {
      "code": 301,
      "name": "SlippageExceeded",
      "msg": "Slippage tolerance exceeded"
    }
  ]
}